{"falls": [-1.5787875721080886], "shares": [1.7201834862385155, 3.210526315789471], "online shopping": [-14.006696428571436], "forecast powered": [10.944309927360782], "lackluster": [-14.006696428571436], "lackluster holiday": [-14.006696428571436], "since": [1.7201834862385155], "own": [1.7201834862385155], "heavy": [-14.006696428571436], "number of": [-14.006696428571436], "the election": [1.7201834862385155], "facing heavy": [-14.006696428571436], "slow sales": [-14.006696428571436], "out hybrid": [4.672131147540986], "record": [3.210526315789471], "but misses": [-1.5787875721080886], "rolling": [4.672131147540986], "retail": [-14.006696428571436, -14.006696428571436], "results in": [-14.006696428571436], "election": [1.7201834862385155], "sends": [3.210526315789471], "computer market": [10.944309927360782], "weak sales": [-14.006696428571436], "to": [-14.006696428571436, 1.7201834862385155, -14.006696428571436, 3.210526315789471], "closing": [-14.006696428571436], "more than": [-14.006696428571436], "job": [-14.006696428571436], "shopping": [-14.006696428571436], "agenda could": [1.7201834862385155], "declining traffic": [-14.006696428571436], "record high": [3.210526315789471], "cuts total": [-14.006696428571436], "risen": [1.7201834862385155], "stores cut": [-14.006696428571436], "quarterly": [-1.5787875721080886], "heavy losses": [-14.006696428571436], "close 68": [-14.006696428571436], "sales slam": [-14.006696428571436], "41 since": [1.7201834862385155], "total 10000": [-14.006696428571436], "beat sends": [3.210526315789471], "holiday": [-14.006696428571436, -14.006696428571436], "earning forcast": [-14.006696428571436], "quarterly profit": [-1.5787875721080886], "close stores": [-14.006696428571436], "of its": [4.672131147540986], "by improving": [10.944309927360782], "iconic": [4.672131147540986], "poor": [-14.006696428571436], "hybrid versions": [4.672131147540986], "to cut": [-14.006696428571436], "in declining": [-14.006696428571436], "storefronts": [-14.006696428571436], "empty": [-14.006696428571436], "amid": [-14.006696428571436, -14.006696428571436], "on": [-14.006696428571436, -14.006696428571436], "beat": [3.210526315789471], "agenda": [1.7201834862385155], "amid weak": [-14.006696428571436], "but": [-1.5787875721080886], "to record": [3.210526315789471], "forecast": [10.944309927360782], "help": [1.7201834862385155], "co": [1.7201834862385155], "improving personal": [10.944309927360782], "empty storefronts": [-14.006696428571436], "improving": [10.944309927360782], "68 stores": [-14.006696428571436, -14.006696428571436], "its": [1.7201834862385155, 4.672131147540986], "misses": [-1.5787875721080886], "job cuts": [-14.006696428571436], "10000 jobs": [-14.006696428571436], "season": [-14.006696428571436], "conagras": [3.210526315789471], "appear": [-14.006696428571436], "achieve its": [1.7201834862385155], "cut jobs": [-14.006696428571436], "10000 online": [-14.006696428571436], "retail season": [-14.006696428571436], "could": [1.7201834862385155], "shares have": [1.7201834862385155], "misses expectations": [-1.5787875721080886], "expectations stock": [-1.5787875721080886], "dismal": [-14.006696428571436], "outlooks": [-14.006696428571436], "and f150": [4.672131147540986], "versions of": [4.672131147540986], "holiday sales": [-14.006696428571436], "up but": [-1.5787875721080886], "with": [-14.006696428571436], "stores": [-14.006696428571436, -14.006696428571436, -14.006696428571436], "forcast amid": [-14.006696428571436], "10000": [-14.006696428571436, -14.006696428571436], "more": [-14.006696428571436], "sales": [-14.006696428571436, -14.006696428571436, -14.006696428571436, -14.006696428571436], "dismal sales": [-14.006696428571436], "as number": [-14.006696428571436], "number": [-14.006696428571436], "with lackluster": [-14.006696428571436], "expectations": [-1.5787875721080886], "68": [-14.006696428571436, -14.006696428571436], "powered": [10.944309927360782], "retail giant": [-14.006696428571436], "cuts": [-14.006696428571436], "results": [-14.006696428571436], "cut outlooks": [-14.006696428571436], "personal computer": [10.944309927360782], "losses": [-14.006696428571436], "total": [-14.006696428571436], "high": [3.210526315789471], "slow": [-14.006696428571436], "appear as": [-14.006696428571436], "versions": [4.672131147540986], "profit": [3.210526315789471, -1.5787875721080886], "risen 41": [1.7201834862385155], "profit up": [-1.5787875721080886], "market": [10.944309927360782], "traffic for": [-14.006696428571436], "out": [4.672131147540986], "facing": [-14.006696428571436], "closing 68": [-14.006696428571436], "ratings": [-14.006696428571436], "in": [-14.006696428571436], "jobs close": [-14.006696428571436], "conagras profit": [3.210526315789471], "have": [1.7201834862385155], "stock falls": [-1.5787875721080886], "holiday retail": [-14.006696428571436], "the co": [1.7201834862385155], "slowdown appear": [-14.006696428571436], "its iconic": [4.672131147540986], "storefronts grows": [-14.006696428571436], "co achieve": [1.7201834862385155], "and": [4.672131147540986], "negative": [-14.006696428571436], "have risen": [1.7201834862385155], "earning": [-14.006696428571436], "close": [-14.006696428571436, -14.006696428571436], "shopping results": [-14.006696428571436], "powered by": [10.944309927360782], "41": [1.7201834862385155], "cut more": [-14.006696428571436], "stock": [-1.5787875721080886], "since the": [1.7201834862385155], "slowdown": [-14.006696428571436], "amid slow": [-14.006696428571436], "for retail": [-14.006696428571436], "poor holiday": [-14.006696428571436], "slam": [-14.006696428571436], "profit beat": [3.210526315789471], "could help": [1.7201834862385155], "achieve": [1.7201834862385155], "of empty": [-14.006696428571436], "lowers earning": [-14.006696428571436], "jobs amid": [-14.006696428571436], "personal": [10.944309927360782], "weak": [-14.006696428571436], "as": [-14.006696428571436], "grows": [-14.006696428571436], "hybrid": [4.672131147540986], "to close": [-14.006696428571436], "jobs": [-14.006696428571436, -14.006696428571436], "lowers": [-14.006696428571436], "computer": [10.944309927360782], "help the": [1.7201834862385155], "forcast": [-14.006696428571436], "f150": [4.672131147540986], "than": [-14.006696428571436], "its own": [1.7201834862385155], "up": [-1.5787875721080886], "sends shares": [3.210526315789471], "traffic": [-14.006696428571436], "shares to": [3.210526315789471], "stores job": [-14.006696428571436], "cut": [-14.006696428571436, -14.006696428571436, -14.006696428571436], "on poor": [-14.006696428571436], "outlooks on": [-14.006696428571436], "rolling out": [4.672131147540986], "online": [-14.006696428571436], "by": [10.944309927360782], "ratings on": [-14.006696428571436], "losses with": [-14.006696428571436], "declining": [-14.006696428571436], "for": [-14.006696428571436], "than 10000": [-14.006696428571436], "giant": [-14.006696428571436], "of": [-14.006696428571436, -14.006696428571436, 4.672131147540986], "the": [1.7201834862385155, 1.7201834862385155]}