{"could": [1.7201834862385155], "online shopping": [-14.006696428571436], "stores job": [-14.006696428571436], "sales": [-14.006696428571436, -14.006696428571436, -14.006696428571436, -14.006696428571436], "f150": [4.672131147540986], "of its": [4.672131147540986], "lackluster": [-14.006696428571436], "cut jobs": [-14.006696428571436], "results": [-14.006696428571436], "the": [1.7201834862385155, 1.7201834862385155], "jobs close": [-14.006696428571436], "close": [-14.006696428571436, -14.006696428571436], "dismal sales": [-14.006696428571436], "slowdown": [-14.006696428571436], "to close": [-14.006696428571436], "ratings on": [-14.006696428571436], "could help": [1.7201834862385155], "heavy": [-14.006696428571436], "as": [-14.006696428571436], "up": [-1.5787875721080886], "giant": [-14.006696428571436], "lackluster holiday": [-14.006696428571436], "amid slow": [-14.006696428571436], "holiday sales": [-14.006696428571436], "shopping results": [-14.006696428571436], "closing 68": [-14.006696428571436], "on": [-14.006696428571436, -14.006696428571436], "storefronts": [-14.006696428571436], "shares have": [1.7201834862385155], "closing": [-14.006696428571436], "earning forcast": [-14.006696428571436], "close 68": [-14.006696428571436], "and f150": [4.672131147540986], "cuts total": [-14.006696428571436], "outlooks on": [-14.006696428571436], "its": [1.7201834862385155, 4.672131147540986], "in": [-14.006696428571436], "its iconic": [4.672131147540986], "shopping": [-14.006696428571436], "help the": [1.7201834862385155], "to record": [3.210526315789471], "slam": [-14.006696428571436], "cut outlooks": [-14.006696428571436], "weak": [-14.006696428571436], "retail": [-14.006696428571436, -14.006696428571436], "number": [-14.006696428571436], "storefronts grows": [-14.006696428571436], "losses": [-14.006696428571436], "amid": [-14.006696428571436, -14.006696428571436], "profit up": [-1.5787875721080886], "since the": [1.7201834862385155], "but": [-1.5787875721080886], "dismal": [-14.006696428571436], "holiday": [-14.006696428571436, -14.006696428571436], "achieve its": [1.7201834862385155], "achieve": [1.7201834862385155], "agenda could": [1.7201834862385155], "for retail": [-14.006696428571436], "falls": [-1.5787875721080886], "10000 online": [-14.006696428571436], "in declining": [-14.006696428571436], "hybrid versions": [4.672131147540986], "quarterly profit": [-1.5787875721080886], "to cut": [-14.006696428571436], "retail season": [-14.006696428571436], "empty storefronts": [-14.006696428571436], "retail giant": [-14.006696428571436], "online": [-14.006696428571436], "job cuts": [-14.006696428571436], "facing": [-14.006696428571436], "have": [1.7201834862385155], "poor": [-14.006696428571436], "high": [3.210526315789471], "its own": [1.7201834862385155], "improving": [10.944309927360782], "sends shares": [3.210526315789471], "and": [4.672131147540986], "results in": [-14.006696428571436], "powered": [10.944309927360782], "more": [-14.006696428571436], "jobs amid": [-14.006696428571436], "sends": [3.210526315789471], "stock": [-1.5787875721080886], "misses": [-1.5787875721080886], "versions": [4.672131147540986], "41": [1.7201834862385155], "personal": [10.944309927360782], "stock falls": [-1.5787875721080886], "68": [-14.006696428571436, -14.006696428571436], "total 10000": [-14.006696428571436], "conagras": [3.210526315789471], "help": [1.7201834862385155], "conagras profit": [3.210526315789471], "profit": [3.210526315789471, -1.5787875721080886], "slow sales": [-14.006696428571436], "with": [-14.006696428571436], "co achieve": [1.7201834862385155], "job": [-14.006696428571436], "grows": [-14.006696428571436], "forcast amid": [-14.006696428571436], "beat": [3.210526315789471], "cuts": [-14.006696428571436], "personal computer": [10.944309927360782], "outlooks": [-14.006696428571436], "jobs": [-14.006696428571436, -14.006696428571436], "agenda": [1.7201834862385155], "than": [-14.006696428571436], "negative": [-14.006696428571436], "season": [-14.006696428571436], "risen 41": [1.7201834862385155], "stores cut": [-14.006696428571436], "earning": [-14.006696428571436], "ratings": [-14.006696428571436], "lowers earning": [-14.006696428571436], "declining": [-14.006696428571436], "rolling out": [4.672131147540986], "to": [-14.006696428571436, 1.7201834862385155, -14.006696428571436, 3.210526315789471], "by": [10.944309927360782], "record high": [3.210526315789471], "expectations": [-1.5787875721080886], "of empty": [-14.006696428571436], "lowers": [-14.006696428571436], "out": [4.672131147540986], "cut more": [-14.006696428571436], "forecast": [10.944309927360782], "with lackluster": [-14.006696428571436], "more than": [-14.006696428571436], "the election": [1.7201834862385155], "for": [-14.006696428571436], "by improving": [10.944309927360782], "rolling": [4.672131147540986], "cut": [-14.006696428571436, -14.006696428571436, -14.006696428571436], "the co": [1.7201834862385155], "appear as": [-14.006696428571436], "since": [1.7201834862385155], "election": [1.7201834862385155], "shares": [1.7201834862385155, 3.210526315789471], "slow": [-14.006696428571436], "total": [-14.006696428571436], "up but": [-1.5787875721080886], "own": [1.7201834862385155], "risen": [1.7201834862385155], "co": [1.7201834862385155], "heavy losses": [-14.006696428571436], "stores": [-14.006696428571436, -14.006696428571436, -14.006696428571436], "declining traffic": [-14.006696428571436], "improving personal": [10.944309927360782], "expectations stock": [-1.5787875721080886], "facing heavy": [-14.006696428571436], "number of": [-14.006696428571436], "computer": [10.944309927360782], "losses with": [-14.006696428571436], "versions of": [4.672131147540986], "on poor": [-14.006696428571436], "hybrid": [4.672131147540986], "beat sends": [3.210526315789471], "slowdown appear": [-14.006696428571436], "profit beat": [3.210526315789471], "close stores": [-14.006696428571436], "41 since": [1.7201834862385155], "traffic for": [-14.006696428571436], "as number": [-14.006696428571436], "amid weak": [-14.006696428571436], "market": [10.944309927360782], "iconic": [4.672131147540986], "poor holiday": [-14.006696428571436], "weak sales": [-14.006696428571436], "of": [-14.006696428571436, -14.006696428571436, 4.672131147540986], "out hybrid": [4.672131147540986], "sales slam": [-14.006696428571436], "record": [3.210526315789471], "10000": [-14.006696428571436, -14.006696428571436], "10000 jobs": [-14.006696428571436], "than 10000": [-14.006696428571436], "misses expectations": [-1.5787875721080886], "holiday retail": [-14.006696428571436], "quarterly": [-1.5787875721080886], "traffic": [-14.006696428571436], "powered by": [10.944309927360782], "appear": [-14.006696428571436], "but misses": [-1.5787875721080886], "computer market": [10.944309927360782], "forecast powered": [10.944309927360782], "68 stores": [-14.006696428571436, -14.006696428571436], "empty": [-14.006696428571436], "shares to": [3.210526315789471], "forcast": [-14.006696428571436], "have risen": [1.7201834862385155]}