{"the election": [1.7201834862385155], "sales slam": [-14.006696428571436], "quarterly": [-1.5787875721080886], "profit beat": [3.210526315789471], "amid": [-14.006696428571436, -14.006696428571436], "poor holiday": [-14.006696428571436], "on": [-14.006696428571436, -14.006696428571436], "have risen": [1.7201834862385155], "retail": [-14.006696428571436, -14.006696428571436], "could": [1.7201834862385155], "losses with": [-14.006696428571436], "but": [-1.5787875721080886], "on poor": [-14.006696428571436], "forcast amid": [-14.006696428571436], "online": [-14.006696428571436], "empty storefronts": [-14.006696428571436], "retail season": [-14.006696428571436], "results in": [-14.006696428571436], "out hybrid": [4.672131147540986], "10000 online": [-14.006696428571436], "slowdown": [-14.006696428571436], "negative": [-14.006696428571436], "ratings on": [-14.006696428571436], "misses": [-1.5787875721080886], "facing heavy": [-14.006696428571436], "cuts total": [-14.006696428571436], "computer": [10.944309927360782], "hybrid versions": [4.672131147540986], "facing": [-14.006696428571436], "conagras": [3.210526315789471], "the": [1.7201834862385155, 1.7201834862385155], "its": [1.7201834862385155, 4.672131147540986], "season": [-14.006696428571436], "total": [-14.006696428571436], "for": [-14.006696428571436], "68": [-14.006696428571436, -14.006696428571436], "to cut": [-14.006696428571436], "expectations stock": [-1.5787875721080886], "quarterly profit": [-1.5787875721080886], "weak": [-14.006696428571436], "agenda": [1.7201834862385155], "outlooks": [-14.006696428571436], "co": [1.7201834862385155], "lackluster holiday": [-14.006696428571436], "by improving": [10.944309927360782], "lowers": [-14.006696428571436], "slowdown appear": [-14.006696428571436], "more than": [-14.006696428571436], "close": [-14.006696428571436, -14.006696428571436], "and f150": [4.672131147540986], "poor": [-14.006696428571436], "giant": [-14.006696428571436], "election": [1.7201834862385155], "the co": [1.7201834862385155], "its own": [1.7201834862385155], "cut outlooks": [-14.006696428571436], "risen": [1.7201834862385155], "out": [4.672131147540986], "profit up": [-1.5787875721080886], "record high": [3.210526315789471], "achieve": [1.7201834862385155], "holiday sales": [-14.006696428571436], "to close": [-14.006696428571436], "shares have": [1.7201834862385155], "help": [1.7201834862385155], "personal": [10.944309927360782], "beat sends": [3.210526315789471], "to record": [3.210526315789471], "personal computer": [10.944309927360782], "lowers earning": [-14.006696428571436], "shopping": [-14.006696428571436], "forecast": [10.944309927360782], "slam": [-14.006696428571436], "than": [-14.006696428571436], "but misses": [-1.5787875721080886], "holiday retail": [-14.006696428571436], "and": [4.672131147540986], "sends": [3.210526315789471], "hybrid": [4.672131147540986], "stores cut": [-14.006696428571436], "weak sales": [-14.006696428571436], "10000 jobs": [-14.006696428571436], "cut": [-14.006696428571436, -14.006696428571436, -14.006696428571436], "dismal sales": [-14.006696428571436], "in": [-14.006696428571436], "storefronts": [-14.006696428571436], "10000": [-14.006696428571436, -14.006696428571436], "since the": [1.7201834862385155], "market": [10.944309927360782], "of its": [4.672131147540986], "f150": [4.672131147540986], "with": [-14.006696428571436], "total 10000": [-14.006696428571436], "cut more": [-14.006696428571436], "job": [-14.006696428571436], "declining": [-14.006696428571436], "powered": [10.944309927360782], "amid weak": [-14.006696428571436], "stores": [-14.006696428571436, -14.006696428571436, -14.006696428571436], "jobs amid": [-14.006696428571436], "record": [3.210526315789471], "sales": [-14.006696428571436, -14.006696428571436, -14.006696428571436, -14.006696428571436], "conagras profit": [3.210526315789471], "expectations": [-1.5787875721080886], "shopping results": [-14.006696428571436], "declining traffic": [-14.006696428571436], "traffic": [-14.006696428571436], "grows": [-14.006696428571436], "as number": [-14.006696428571436], "forcast": [-14.006696428571436], "traffic for": [-14.006696428571436], "results": [-14.006696428571436], "close stores": [-14.006696428571436], "68 stores": [-14.006696428571436, -14.006696428571436], "41": [1.7201834862385155], "losses": [-14.006696428571436], "earning": [-14.006696428571436], "cuts": [-14.006696428571436], "forecast powered": [10.944309927360782], "sends shares": [3.210526315789471], "agenda could": [1.7201834862385155], "own": [1.7201834862385155], "misses expectations": [-1.5787875721080886], "lackluster": [-14.006696428571436], "appear": [-14.006696428571436], "with lackluster": [-14.006696428571436], "profit": [3.210526315789471, -1.5787875721080886], "cut jobs": [-14.006696428571436], "stock": [-1.5787875721080886], "up but": [-1.5787875721080886], "of": [-14.006696428571436, -14.006696428571436, 4.672131147540986], "appear as": [-14.006696428571436], "heavy losses": [-14.006696428571436], "of empty": [-14.006696428571436], "help the": [1.7201834862385155], "computer market": [10.944309927360782], "iconic": [4.672131147540986], "shares": [1.7201834862385155, 3.210526315789471], "amid slow": [-14.006696428571436], "falls": [-1.5787875721080886], "heavy": [-14.006696428571436], "closing": [-14.006696428571436], "slow sales": [-14.006696428571436], "slow": [-14.006696428571436], "beat": [3.210526315789471], "improving personal": [10.944309927360782], "up": [-1.5787875721080886], "powered by": [10.944309927360782], "risen 41": [1.7201834862385155], "achieve its": [1.7201834862385155], "jobs close": [-14.006696428571436], "have": [1.7201834862385155], "41 since": [1.7201834862385155], "online shopping": [-14.006696428571436], "empty": [-14.006696428571436], "holiday": [-14.006696428571436, -14.006696428571436], "by": [10.944309927360782], "more": [-14.006696428571436], "for retail": [-14.006696428571436], "since": [1.7201834862385155], "stores job": [-14.006696428571436], "co achieve": [1.7201834862385155], "as": [-14.006696428571436], "dismal": [-14.006696428571436], "earning forcast": [-14.006696428571436], "in declining": [-14.006696428571436], "versions of": [4.672131147540986], "rolling out": [4.672131147540986], "number of": [-14.006696428571436], "jobs": [-14.006696428571436, -14.006696428571436], "high": [3.210526315789471], "versions": [4.672131147540986], "could help": [1.7201834862385155], "ratings": [-14.006696428571436], "outlooks on": [-14.006696428571436], "storefronts grows": [-14.006696428571436], "job cuts": [-14.006696428571436], "retail giant": [-14.006696428571436], "closing 68": [-14.006696428571436], "than 10000": [-14.006696428571436], "close 68": [-14.006696428571436], "improving": [10.944309927360782], "number": [-14.006696428571436], "rolling": [4.672131147540986], "its iconic": [4.672131147540986], "stock falls": [-1.5787875721080886], "shares to": [3.210526315789471], "to": [-14.006696428571436, 1.7201834862385155, -14.006696428571436, 3.210526315789471]}