{"powered by": [10.944309927360782], "negative": [-14.006696428571436], "10000": [-14.006696428571436, -14.006696428571436], "68": [-14.006696428571436, -14.006696428571436], "season": [-14.006696428571436], "improving": [10.944309927360782], "amid slow": [-14.006696428571436], "hybrid": [4.672131147540986], "more than": [-14.006696428571436], "cut": [-14.006696428571436, -14.006696428571436, -14.006696428571436], "its own": [1.7201834862385155], "hybrid versions": [4.672131147540986], "stock": [-1.5787875721080886], "up": [-1.5787875721080886], "facing heavy": [-14.006696428571436], "conagras": [3.210526315789471], "on": [-14.006696428571436, -14.006696428571436], "shares": [1.7201834862385155, 3.210526315789471], "shares to": [3.210526315789471], "of": [-14.006696428571436, -14.006696428571436, 4.672131147540986], "facing": [-14.006696428571436], "expectations stock": [-1.5787875721080886], "the": [1.7201834862385155, 1.7201834862385155], "own": [1.7201834862385155], "misses": [-1.5787875721080886], "personal computer": [10.944309927360782], "conagras profit": [3.210526315789471], "personal": [10.944309927360782], "agenda": [1.7201834862385155], "close": [-14.006696428571436, -14.006696428571436], "heavy": [-14.006696428571436], "as number": [-14.006696428571436], "earning forcast": [-14.006696428571436], "stores": [-14.006696428571436, -14.006696428571436, -14.006696428571436], "but": [-1.5787875721080886], "dismal": [-14.006696428571436], "slow sales": [-14.006696428571436], "up but": [-1.5787875721080886], "weak sales": [-14.006696428571436], "lowers earning": [-14.006696428571436], "retail season": [-14.006696428571436], "dismal sales": [-14.006696428571436], "number": [-14.006696428571436], "forecast powered": [10.944309927360782], "election": [1.7201834862385155], "slow": [-14.006696428571436], "jobs": [-14.006696428571436, -14.006696428571436], "holiday": [-14.006696428571436, -14.006696428571436], "help the": [1.7201834862385155], "shopping results": [-14.006696428571436], "weak": [-14.006696428571436], "retail": [-14.006696428571436, -14.006696428571436], "more": [-14.006696428571436], "ratings on": [-14.006696428571436], "amid weak": [-14.006696428571436], "stock falls": [-1.5787875721080886], "earning": [-14.006696428571436], "with": [-14.006696428571436], "forcast": [-14.006696428571436], "lackluster": [-14.006696428571436], "since the": [1.7201834862385155], "than 10000": [-14.006696428571436], "f150": [4.672131147540986], "giant": [-14.006696428571436], "stores job": [-14.006696428571436], "retail giant": [-14.006696428571436], "forcast amid": [-14.006696428571436], "agenda could": [1.7201834862385155], "traffic": [-14.006696428571436], "of its": [4.672131147540986], "slam": [-14.006696428571436], "help": [1.7201834862385155], "falls": [-1.5787875721080886], "68 stores": [-14.006696428571436, -14.006696428571436], "in": [-14.006696428571436], "holiday retail": [-14.006696428571436], "slowdown appear": [-14.006696428571436], "to cut": [-14.006696428571436], "have": [1.7201834862385155], "powered": [10.944309927360782], "lowers": [-14.006696428571436], "results": [-14.006696428571436], "empty storefronts": [-14.006696428571436], "storefronts grows": [-14.006696428571436], "beat sends": [3.210526315789471], "of empty": [-14.006696428571436], "since": [1.7201834862385155], "results in": [-14.006696428571436], "by": [10.944309927360782], "high": [3.210526315789471], "achieve its": [1.7201834862385155], "its": [1.7201834862385155, 4.672131147540986], "and": [4.672131147540986], "computer": [10.944309927360782], "versions of": [4.672131147540986], "stores cut": [-14.006696428571436], "forecast": [10.944309927360782], "but misses": [-1.5787875721080886], "to close": [-14.006696428571436], "close stores": [-14.006696428571436], "41 since": [1.7201834862385155], "declining": [-14.006696428571436], "10000 online": [-14.006696428571436], "co": [1.7201834862385155], "achieve": [1.7201834862385155], "ratings": [-14.006696428571436], "on poor": [-14.006696428571436], "amid": [-14.006696428571436, -14.006696428571436], "sends": [3.210526315789471], "closing": [-14.006696428571436], "close 68": [-14.006696428571436], "beat": [3.210526315789471], "cut more": [-14.006696428571436], "out": [4.672131147540986], "have risen": [1.7201834862385155], "expectations": [-1.5787875721080886], "41": [1.7201834862385155], "job": [-14.006696428571436], "10000 jobs": [-14.006696428571436], "profit up": [-1.5787875721080886], "and f150": [4.672131147540986], "cut outlooks": [-14.006696428571436], "appear": [-14.006696428571436], "poor holiday": [-14.006696428571436], "number of": [-14.006696428571436], "cuts total": [-14.006696428571436], "for retail": [-14.006696428571436], "online shopping": [-14.006696428571436], "quarterly profit": [-1.5787875721080886], "losses with": [-14.006696428571436], "for": [-14.006696428571436], "outlooks": [-14.006696428571436], "could": [1.7201834862385155], "versions": [4.672131147540986], "sales slam": [-14.006696428571436], "jobs close": [-14.006696428571436], "cuts": [-14.006696428571436], "rolling": [4.672131147540986], "to record": [3.210526315789471], "declining traffic": [-14.006696428571436], "losses": [-14.006696428571436], "rolling out": [4.672131147540986], "heavy losses": [-14.006696428571436], "computer market": [10.944309927360782], "jobs amid": [-14.006696428571436], "storefronts": [-14.006696428571436], "online": [-14.006696428571436], "co achieve": [1.7201834862385155], "sales": [-14.006696428571436, -14.006696428571436, -14.006696428571436, -14.006696428571436], "total": [-14.006696428571436], "out hybrid": [4.672131147540986], "in declining": [-14.006696428571436], "total 10000": [-14.006696428571436], "shares have": [1.7201834862385155], "lackluster holiday": [-14.006696428571436], "by improving": [10.944309927360782], "quarterly": [-1.5787875721080886], "the co": [1.7201834862385155], "poor": [-14.006696428571436], "sends shares": [3.210526315789471], "shopping": [-14.006696428571436], "the election": [1.7201834862385155], "slowdown": [-14.006696428571436], "profit": [3.210526315789471, -1.5787875721080886], "closing 68": [-14.006696428571436], "profit beat": [3.210526315789471], "record": [3.210526315789471], "outlooks on": [-14.006696428571436], "than": [-14.006696428571436], "holiday sales": [-14.006696428571436], "cut jobs": [-14.006696428571436], "could help": [1.7201834862385155], "its iconic": [4.672131147540986], "traffic for": [-14.006696428571436], "with lackluster": [-14.006696428571436], "improving personal": [10.944309927360782], "risen 41": [1.7201834862385155], "empty": [-14.006696428571436], "market": [10.944309927360782], "grows": [-14.006696428571436], "iconic": [4.672131147540986], "to": [-14.006696428571436, 1.7201834862385155, -14.006696428571436, 3.210526315789471], "as": [-14.006696428571436], "appear as": [-14.006696428571436], "job cuts": [-14.006696428571436], "record high": [3.210526315789471], "risen": [1.7201834862385155], "misses expectations": [-1.5787875721080886]}