{"storefronts": [-14.006696428571436], "slow sales": [-14.006696428571436], "heavy losses": [-14.006696428571436], "holiday retail": [-14.006696428571436], "storefronts grows": [-14.006696428571436], "co": [1.7201834862385155], "cut outlooks": [-14.006696428571436], "with lackluster": [-14.006696428571436], "to close": [-14.006696428571436], "its": [1.7201834862385155, 4.672131147540986], "own": [1.7201834862385155], "computer market": [10.944309927360782], "powered": [10.944309927360782], "quarterly": [-1.5787875721080886], "achieve": [1.7201834862385155], "10000 jobs": [-14.006696428571436], "dismal": [-14.006696428571436], "shares to": [3.210526315789471], "f150": [4.672131147540986], "empty storefronts": [-14.006696428571436], "since the": [1.7201834862385155], "for": [-14.006696428571436], "since": [1.7201834862385155], "traffic": [-14.006696428571436], "on": [-14.006696428571436, -14.006696428571436], "improving personal": [10.944309927360782], "jobs": [-14.006696428571436, -14.006696428571436], "misses expectations": [-1.5787875721080886], "dismal sales": [-14.006696428571436], "out hybrid": [4.672131147540986], "beat": [3.210526315789471], "the co": [1.7201834862385155], "lackluster": [-14.006696428571436], "sends shares": [3.210526315789471], "in declining": [-14.006696428571436], "the election": [1.7201834862385155], "amid slow": [-14.006696428571436], "heavy": [-14.006696428571436], "poor": [-14.006696428571436], "by": [10.944309927360782], "risen": [1.7201834862385155], "losses with": [-14.006696428571436], "hybrid versions": [4.672131147540986], "68 stores": [-14.006696428571436, -14.006696428571436], "personal": [10.944309927360782], "job": [-14.006696428571436], "record high": [3.210526315789471], "shares": [1.7201834862385155, 3.210526315789471], "and f150": [4.672131147540986], "achieve its": [1.7201834862385155], "total 10000": [-14.006696428571436], "powered by": [10.944309927360782], "outlooks": [-14.006696428571436], "as": [-14.006696428571436], "with": [-14.006696428571436], "profit": [3.210526315789471, -1.5787875721080886], "earning forcast": [-14.006696428571436], "have": [1.7201834862385155], "to record": [3.210526315789471], "total": [-14.006696428571436], "the": [1.7201834862385155, 1.7201834862385155], "appear": [-14.006696428571436], "for retail": [-14.006696428571436], "facing": [-14.006696428571436], "online": [-14.006696428571436], "closing": [-14.006696428571436], "its own": [1.7201834862385155], "computer": [10.944309927360782], "than": [-14.006696428571436], "shares have": [1.7201834862385155], "number": [-14.006696428571436], "sales": [-14.006696428571436, -14.006696428571436, -14.006696428571436, -14.006696428571436], "in": [-14.006696428571436], "grows": [-14.006696428571436], "10000": [-14.006696428571436, -14.006696428571436], "traffic for": [-14.006696428571436], "outlooks on": [-14.006696428571436], "amid weak": [-14.006696428571436], "profit beat": [3.210526315789471], "but": [-1.5787875721080886], "slowdown appear": [-14.006696428571436], "its iconic": [4.672131147540986], "close 68": [-14.006696428571436], "agenda": [1.7201834862385155], "ratings": [-14.006696428571436], "hybrid": [4.672131147540986], "up": [-1.5787875721080886], "poor holiday": [-14.006696428571436], "rolling": [4.672131147540986], "lowers": [-14.006696428571436], "of empty": [-14.006696428571436], "retail season": [-14.006696428571436], "on poor": [-14.006696428571436], "risen 41": [1.7201834862385155], "have risen": [1.7201834862385155], "but misses": [-1.5787875721080886], "out": [4.672131147540986], "by improving": [10.944309927360782], "stock": [-1.5787875721080886], "conagras": [3.210526315789471], "facing heavy": [-14.006696428571436], "weak": [-14.006696428571436], "versions": [4.672131147540986], "than 10000": [-14.006696428571436], "shopping results": [-14.006696428571436], "market": [10.944309927360782], "sales slam": [-14.006696428571436], "cut": [-14.006696428571436, -14.006696428571436, -14.006696428571436], "slowdown": [-14.006696428571436], "stock falls": [-1.5787875721080886], "expectations": [-1.5787875721080886], "shopping": [-14.006696428571436], "cuts": [-14.006696428571436], "jobs close": [-14.006696428571436], "earning": [-14.006696428571436], "expectations stock": [-1.5787875721080886], "improving": [10.944309927360782], "jobs amid": [-14.006696428571436], "lackluster holiday": [-14.006696428571436], "amid": [-14.006696428571436, -14.006696428571436], "forcast": [-14.006696428571436], "forcast amid": [-14.006696428571436], "rolling out": [4.672131147540986], "cuts total": [-14.006696428571436], "co achieve": [1.7201834862385155], "more": [-14.006696428571436], "up but": [-1.5787875721080886], "versions of": [4.672131147540986], "personal computer": [10.944309927360782], "and": [4.672131147540986], "beat sends": [3.210526315789471], "of its": [4.672131147540986], "forecast": [10.944309927360782], "iconic": [4.672131147540986], "cut more": [-14.006696428571436], "10000 online": [-14.006696428571436], "could help": [1.7201834862385155], "help": [1.7201834862385155], "holiday sales": [-14.006696428571436], "sends": [3.210526315789471], "election": [1.7201834862385155], "as number": [-14.006696428571436], "closing 68": [-14.006696428571436], "stores job": [-14.006696428571436], "negative": [-14.006696428571436], "68": [-14.006696428571436, -14.006696428571436], "close stores": [-14.006696428571436], "could": [1.7201834862385155], "slam": [-14.006696428571436], "retail giant": [-14.006696428571436], "job cuts": [-14.006696428571436], "to cut": [-14.006696428571436], "lowers earning": [-14.006696428571436], "more than": [-14.006696428571436], "conagras profit": [3.210526315789471], "help the": [1.7201834862385155], "41 since": [1.7201834862385155], "profit up": [-1.5787875721080886], "number of": [-14.006696428571436], "stores cut": [-14.006696428571436], "close": [-14.006696428571436, -14.006696428571436], "forecast powered": [10.944309927360782], "holiday": [-14.006696428571436, -14.006696428571436], "slow": [-14.006696428571436], "retail": [-14.006696428571436, -14.006696428571436], "stores": [-14.006696428571436, -14.006696428571436, -14.006696428571436], "season": [-14.006696428571436], "losses": [-14.006696428571436], "cut jobs": [-14.006696428571436], "of": [-14.006696428571436, -14.006696428571436, 4.672131147540986], "results in": [-14.006696428571436], "online shopping": [-14.006696428571436], "declining traffic": [-14.006696428571436], "empty": [-14.006696428571436], "misses": [-1.5787875721080886], "high": [3.210526315789471], "quarterly profit": [-1.5787875721080886], "record": [3.210526315789471], "weak sales": [-14.006696428571436], "to": [-14.006696428571436, 1.7201834862385155, -14.006696428571436, 3.210526315789471], "appear as": [-14.006696428571436], "giant": [-14.006696428571436], "results": [-14.006696428571436], "41": [1.7201834862385155], "falls": [-1.5787875721080886], "declining": [-14.006696428571436], "agenda could": [1.7201834862385155], "ratings on": [-14.006696428571436]}