{"41 since": [1.7201834862385155, 1.7201834862385155], "personal computer": [10.944309927360782, 10.944309927360782], "stock": [-1.5787875721080886, -1.5787875721080886], "sales": [-14.006696428571436, -14.006696428571436, -14.006696428571436, -14.006696428571436, -14.006696428571436, -14.006696428571436, -14.006696428571436, -14.006696428571436], "as": [-14.006696428571436, -14.006696428571436], "computer market": [10.944309927360782, 10.944309927360782], "earning forcast": [-14.006696428571436, -14.006696428571436], "number of": [-14.006696428571436, -14.006696428571436], "of its": [4.672131147540986, 4.672131147540986], "appear": [-14.006696428571436, -14.006696428571436], "to": [-14.006696428571436, 1.7201834862385155, -14.006696428571436, 3.210526315789471, -14.006696428571436, 1.7201834862385155, -14.006696428571436, 3.210526315789471], "co achieve": [1.7201834862385155, 1.7201834862385155], "personal": [10.944309927360782, 10.944309927360782], "10000 jobs": [-14.006696428571436, -14.006696428571436], "outlooks on": [-14.006696428571436, -14.006696428571436], "jobs": [-14.006696428571436, -14.006696428571436, -14.006696428571436, -14.006696428571436], "closing 68": [-14.006696428571436, -14.006696428571436], "high": [3.210526315789471, 3.210526315789471], "for": [-14.006696428571436, -14.006696428571436], "versions of": [4.672131147540986, 4.672131147540986], "hybrid versions": [4.672131147540986, 4.672131147540986], "giant": [-14.006696428571436, -14.006696428571436], "dismal sales": [-14.006696428571436, -14.006696428571436], "poor": [-14.006696428571436, -14.006696428571436], "slow sales": [-14.006696428571436, -14.006696428571436], "up": [-1.5787875721080886, -1.5787875721080886], "than": [-14.006696428571436, -14.006696428571436], "sales slam": [-14.006696428571436, -14.006696428571436], "and f150": [4.672131147540986, 4.672131147540986], "total 10000": [-14.006696428571436, -14.006696428571436], "since the": [1.7201834862385155, 1.7201834862385155], "and": [4.672131147540986, 4.672131147540986], "retail giant": [-14.006696428571436, -14.006696428571436], "ratings": [-14.006696428571436, -14.006696428571436], "on poor": [-14.006696428571436, -14.006696428571436], "cut jobs": [-14.006696428571436, -14.006696428571436], "own": [1.7201834862385155, 1.7201834862385155], "empty": [-14.006696428571436, -14.006696428571436], "dismal": [-14.006696428571436, -14.006696428571436], "storefronts grows": [-14.006696428571436, -14.006696428571436], "cut": [-14.006696428571436, -14.006696428571436, -14.006696428571436, -14.006696428571436, -14.006696428571436, -14.006696428571436], "total": [-14.006696428571436, -14.006696428571436], "forecast powered": [10.944309927360782, 10.944309927360782], "results in": [-14.006696428571436, -14.006696428571436], "beat": [3.210526315789471, 3.210526315789471], "amid weak": [-14.006696428571436, -14.006696428571436], "cuts": [-14.006696428571436, -14.006696428571436], "slowdown": [-14.006696428571436, -14.006696428571436], "conagras": [3.210526315789471, 3.210526315789471], "improving personal": [10.944309927360782, 10.944309927360782], "cuts total": [-14.006696428571436, -14.006696428571436], "but": [-1.5787875721080886, -1.5787875721080886], "10000": [-14.006696428571436, -14.006696428571436, -14.006696428571436, -14.006696428571436], "losses": [-14.006696428571436, -14.006696428571436], "stock falls": [-1.5787875721080886, -1.5787875721080886], "with lackluster": [-14.006696428571436, -14.006696428571436], "its own": [1.7201834862385155, 1.7201834862385155], "as number": [-14.006696428571436, -14.006696428571436], "stores job": [-14.006696428571436, -14.006696428571436], "forcast": [-14.006696428571436, -14.006696428571436], "stores": [-14.006696428571436, -14.006696428571436, -14.006696428571436, -14.006696428571436, -14.006696428571436, -14.006696428571436], "computer": [10.944309927360782, 10.944309927360782], "number": [-14.006696428571436, -14.006696428571436], "slow": [-14.006696428571436, -14.006696428571436], "slam": [-14.006696428571436, -14.006696428571436], "risen 41": [1.7201834862385155, 1.7201834862385155], "lowers earning": [-14.006696428571436, -14.006696428571436], "job cuts": [-14.006696428571436, -14.006696428571436], "to cut": [-14.006696428571436, -14.006696428571436], "jobs amid": [-14.006696428571436, -14.006696428571436], "68 stores": [-14.006696428571436, -14.006696428571436, -14.006696428571436, -14.006696428571436], "out hybrid": [4.672131147540986, 4.672131147540986], "amid slow": [-14.006696428571436, -14.006696428571436], "online shopping": [-14.006696428571436, -14.006696428571436], "41": [1.7201834862385155, 1.7201834862385155], "slowdown appear": [-14.006696428571436, -14.006696428571436], "holiday retail": [-14.006696428571436, -14.006696428571436], "could": [1.7201834862385155, 1.7201834862385155], "poor holiday": [-14.006696428571436, -14.006696428571436], "lackluster holiday": [-14.006696428571436, -14.006696428571436], "outlooks": [-14.006696428571436, -14.006696428571436], "its iconic": [4.672131147540986, 4.672131147540986], "shares": [1.7201834862385155, 3.210526315789471, 1.7201834862385155, 3.210526315789471], "but misses": [-1.5787875721080886, -1.5787875721080886], "losses with": [-14.006696428571436, -14.006696428571436], "its": [1.7201834862385155, 4.672131147540986, 1.7201834862385155, 4.672131147540986], "the co": [1.7201834862385155, 1.7201834862385155], "cut outlooks": [-14.006696428571436, -14.006696428571436], "expectations": [-1.5787875721080886, -1.5787875721080886], "out": [4.672131147540986, 4.672131147540986], "job": [-14.006696428571436, -14.006696428571436], "shares to": [3.210526315789471, 3.210526315789471], "hybrid": [4.672131147540986, 4.672131147540986], "68": [-14.006696428571436, -14.006696428571436, -14.006696428571436, -14.006696428571436], "shopping": [-14.006696428571436, -14.006696428571436], "stores cut": [-14.006696428571436, -14.006696428571436], "sends": [3.210526315789471, 3.210526315789471], "rolling out": [4.672131147540986, 4.672131147540986], "forcast amid": [-14.006696428571436, -14.006696428571436], "online": [-14.006696428571436, -14.006696428571436], "facing heavy": [-14.006696428571436, -14.006696428571436], "facing": [-14.006696428571436, -14.006696428571436], "cut more": [-14.006696428571436, -14.006696428571436], "traffic for": [-14.006696428571436, -14.006696428571436], "amid": [-14.006696428571436, -14.006696428571436, -14.006696428571436, -14.006696428571436], "season": [-14.006696428571436, -14.006696428571436], "weak": [-14.006696428571436, -14.006696428571436], "falls": [-1.5787875721080886, -1.5787875721080886], "since": [1.7201834862385155, 1.7201834862385155], "have": [1.7201834862385155, 1.7201834862385155], "sends shares": [3.210526315789471, 3.210526315789471], "holiday sales": [-14.006696428571436, -14.006696428571436], "achieve its": [1.7201834862385155, 1.7201834862385155], "with": [-14.006696428571436, -14.006696428571436], "quarterly profit": [-1.5787875721080886, -1.5787875721080886], "traffic": [-14.006696428571436, -14.006696428571436], "profit beat": [3.210526315789471, 3.210526315789471], "improving": [10.944309927360782, 10.944309927360782], "forecast": [10.944309927360782, 10.944309927360782], "empty storefronts": [-14.006696428571436, -14.006696428571436], "in": [-14.006696428571436, -14.006696428571436], "storefronts": [-14.006696428571436, -14.006696428571436], "heavy": [-14.006696428571436, -14.006696428571436], "earning": [-14.006696428571436, -14.006696428571436], "achieve": [1.7201834862385155, 1.7201834862385155], "by improving": [10.944309927360782, 10.944309927360782], "declining traffic": [-14.006696428571436, -14.006696428571436], "conagras profit": [3.210526315789471, 3.210526315789471], "the": [1.7201834862385155, 1.7201834862385155, 1.7201834862385155, 1.7201834862385155], "jobs close": [-14.006696428571436, -14.006696428571436], "help": [1.7201834862385155, 1.7201834862385155],