{"poor": [-14.006696428571436], "co": [1.7201834862385155], "retail": [-14.006696428571436, -14.006696428571436], "cut jobs": [-14.006696428571436], "number": [-14.006696428571436], "grows": [-14.006696428571436], "and f150": [4.672131147540986], "results in": [-14.006696428571436], "slow": [-14.006696428571436], "computer": [10.944309927360782], "losses": [-14.006696428571436], "slowdown appear": [-14.006696428571436], "facing": [-14.006696428571436], "up": [-1.5787875721080886], "job": [-14.006696428571436], "number of": [-14.006696428571436], "appear": [-14.006696428571436], "amid weak": [-14.006696428571436], "forcast amid": [-14.006696428571436], "for": [-14.006696428571436], "stores cut": [-14.006696428571436], "co achieve": [1.7201834862385155], "dismal sales": [-14.006696428571436], "sends shares": [3.210526315789471], "traffic": [-14.006696428571436], "hybrid": [4.672131147540986], "misses expectations": [-1.5787875721080886], "more than": [-14.006696428571436], "giant": [-14.006696428571436], "slam": [-14.006696428571436], "on poor": [-14.006696428571436], "since": [1.7201834862385155], "jobs": [-14.006696428571436, -14.006696428571436], "online": [-14.006696428571436], "season": [-14.006696428571436], "jobs close": [-14.006696428571436], "conagras": [3.210526315789471], "68": [-14.006696428571436, -14.006696428571436], "job cuts": [-14.006696428571436], "profit beat": [3.210526315789471], "outlooks on": [-14.006696428571436], "record high": [3.210526315789471], "but misses": [-1.5787875721080886], "online shopping": [-14.006696428571436], "to cut": [-14.006696428571436], "to record": [3.210526315789471], "quarterly profit": [-1.5787875721080886], "negative": [-14.006696428571436], "expectations": [-1.5787875721080886], "total": [-14.006696428571436], "slowdown": [-14.006696428571436], "stock falls": [-1.5787875721080886], "shopping": [-14.006696428571436], "stores job": [-14.006696428571436], "stock": [-1.5787875721080886], "sales": [-14.006696428571436, -14.006696428571436, -14.006696428571436, -14.006696428571436], "poor holiday": [-14.006696428571436], "lowers earning": [-14.006696428571436], "losses with": [-14.006696428571436], "traffic for": [-14.006696428571436], "beat": [3.210526315789471], "misses": [-1.5787875721080886], "weak sales": [-14.006696428571436], "beat sends": [3.210526315789471], "and": [4.672131147540986], "own": [1.7201834862385155], "retail giant": [-14.006696428571436], "for retail": [-14.006696428571436], "cuts total": [-14.006696428571436], "risen": [1.7201834862385155], "in declining": [-14.006696428571436], "but": [-1.5787875721080886], "election": [1.7201834862385155], "to close": [-14.006696428571436], "iconic": [4.672131147540986], "heavy": [-14.006696428571436], "shares to": [3.210526315789471], "achieve": [1.7201834862385155], "10000 online": [-14.006696428571436], "close": [-14.006696428571436, -14.006696428571436], "forecast": [10.944309927360782], "dismal": [-14.006696428571436], "close stores": [-14.006696428571436], "could help": [1.7201834862385155], "achieve its": [1.7201834862385155], "jobs amid": [-14.006696428571436], "cut more": [-14.006696428571436], "have risen": [1.7201834862385155], "total 10000": [-14.006696428571436], "41": [1.7201834862385155], "68 stores": [-14.006696428571436, -14.006696428571436], "rolling": [4.672131147540986], "versions of": [4.672131147540986], "cut outlooks": [-14.006696428571436], "10000 jobs": [-14.006696428571436], "quarterly": [-1.5787875721080886], "rolling out": [4.672131147540986], "agenda": [1.7201834862385155], "earning": [-14.006696428571436], "holiday": [-14.006696428571436, -14.006696428571436], "help the": [1.7201834862385155], "powered by": [10.944309927360782], "profit": [3.210526315789471, -1.5787875721080886], "help": [1.7201834862385155], "the election": [1.7201834862385155], "f150": [4.672131147540986], "with lackluster": [-14.006696428571436], "on": [-14.006696428571436, -14.006696428571436], "profit up": [-1.5787875721080886], "as number": [-14.006696428571436], "amid slow": [-14.006696428571436], "of": [-14.006696428571436, -14.006696428571436, 4.672131147540986], "falls": [-1.5787875721080886], "forcast": [-14.006696428571436], "results": [-14.006696428571436], "powered": [10.944309927360782], "could": [1.7201834862385155], "more": [-14.006696428571436], "storefronts grows": [-14.006696428571436], "than 10000": [-14.006696428571436], "storefronts": [-14.006696428571436], "of empty": [-14.006696428571436], "risen 41": [1.7201834862385155], "by improving": [10.944309927360782], "its own": [1.7201834862385155], "empty": [-14.006696428571436], "appear as": [-14.006696428571436], "agenda could": [1.7201834862385155], "than": [-14.006696428571436], "closing": [-14.006696428571436], "to": [-14.006696428571436, 1.7201834862385155, -14.006696428571436, 3.210526315789471], "improving personal": [10.944309927360782], "computer market": [10.944309927360782], "its": [1.7201834862385155, 4.672131147540986], "41 since": [1.7201834862385155], "slow sales": [-14.006696428571436], "shares have": [1.7201834862385155], "out hybrid": [4.672131147540986], "versions": [4.672131147540986], "up but": [-1.5787875721080886], "improving": [10.944309927360782], "sends": [3.210526315789471], "have": [1.7201834862385155], "shopping results": [-14.006696428571436], "facing heavy": [-14.006696428571436], "with": [-14.006696428571436], "lackluster": [-14.006696428571436], "close 68": [-14.006696428571436], "record": [3.210526315789471], "personal": [10.944309927360782], "the co": [1.7201834862385155], "hybrid versions": [4.672131147540986], "amid": [-14.006696428571436, -14.006696428571436], "cuts": [-14.006696428571436], "holiday retail": [-14.006696428571436], "declining traffic": [-14.006696428571436], "weak": [-14.006696428571436], "stores": [-14.006696428571436, -14.006696428571436, -14.006696428571436], "in": [-14.006696428571436], "heavy losses": [-14.006696428571436], "personal computer": [10.944309927360782], "sales slam": [-14.006696428571436], "retail season": [-14.006696428571436], "its iconic": [4.672131147540986], "declining": [-14.006696428571436], "of its": [4.672131147540986], "lowers": [-14.006696428571436], "ratings on": [-14.006696428571436], "cut": [-14.006696428571436, -14.006696428571436, -14.006696428571436], "since the": [1.7201834862385155], "high": [3.210526315789471], "as": [-14.006696428571436], "earning forcast": [-14.006696428571436], "the": [1.7201834862385155, 1.7201834862385155], "ratings": [-14.006696428571436], "out": [4.672131147540986], "empty storefronts": [-14.006696428571436], "lackluster holiday": [-14.006696428571436], "conagras profit": [3.210526315789471], "expectations stock": [-1.5787875721080886], "10000": [-14.006696428571436, -14.006696428571436], "market": [10.944309927360782], "forecast powered": [10.944309927360782], "holiday sales": [-14.006696428571436], "outlooks": [-14.006696428571436], "by": [10.944309927360782], "closing 68": [-14.006696428571436], "shares": [1.7201834862385155, 3.210526315789471]}